case,source,k,characters,q_max,actions_max,geometry_combinations,valid_geometries,plans,coefficient_triples,dp_checks,dp_mismatches,dp_max_abs_error,dp_states_total,grid_distinct_optimal_coefficients,center_regret,minimax_regret,regret_vertex_dense_error,stable_box,grid_points,serial_gap_max,serial_gap_positive_grid,elapsed_seconds
oly:vẫy:k0,DEV:vẫy,0,3,2,5,8,8,16,16,25,0,1.4210854715202004e-14,1600,1,0.0,0.0,0.0,True,441,0.0,0,0.4212916251271963
oly:vẫy:k1,DEV:vẫy,1,3,2,5,8,8,56,56,25,0,1.4210854715202004e-14,3000,2,0.11315893460172077,0.11315893460172077,0.0,False,441,0.0,0,0.42500483407638967
oly:iế:k0,DEV fragment:tiếng,0,2,2,5,4,4,8,8,25,0,7.105427357601002e-15,800,1,0.0,0.0,0.0,True,441,0.0,0,0.06568712485022843
oly:iế:k1,DEV fragment:tiếng,1,2,2,5,4,4,56,56,25,0,7.105427357601002e-15,1700,2,0.47096020438942077,0.47096020438942077,0.0,False,441,0.0,0,0.07297433307394385
oly:ướ:k0,DEV fragment:nước,0,2,2,5,4,2,4,4,25,0,1.4210854715202004e-14,400,1,0.0,0.0,0.0,True,441,0.0,0,0.10465374984778464
oly:ướ:k1,DEV fragment:nước,1,2,2,5,4,2,16,16,25,0,1.4210854715202004e-14,850,1,0.0,0.0,0.0,True,441,0.0,0,0.10433562495745718
oly:yệ:k0,DEV fragment:quyện,0,2,2,4,4,4,16,16,25,0,7.105427357601002e-15,700,2,0.3527695082857818,0.3527695082857818,0.0,False,441,0.0,0,0.3122378750704229
oly:yệ:k1,DEV fragment:quyện,1,2,2,4,4,4,16,16,25,0,7.105427357601002e-15,700,2,0.3527695082857818,0.3527695082857818,0.0,False,441,0.0,0,0.3470773340668529
omni_casual:vẫy:k0,DEV:vẫy,0,3,2,5,8,8,16,16,25,0,1.4210854715202004e-14,1600,1,0.0,0.0,0.0,True,441,0.0,0,0.3189954161643982
omni_casual:vẫy:k1,DEV:vẫy,1,3,2,5,8,8,64,64,25,0,1.4210854715202004e-14,3000,2,1.7873625162212576,1.7873625162212576,0.0,False,441,0.0,0,0.3247486250475049
omni_casual:iế:k0,DEV fragment:tiếng,0,2,2,5,4,4,8,8,25,0,1.4210854715202004e-14,800,1,0.0,0.0,0.0,True,441,0.0,0,0.0515628750436008
omni_casual:iế:k1,DEV fragment:tiếng,1,2,2,5,4,4,56,56,25,0,7.105427357601002e-15,1700,2,0.6795226488420134,0.6795226488420134,0.0,False,441,0.0,0,0.05544737493619323
omni_casual:ướ:k0,DEV fragment:nước,0,2,2,5,4,4,8,8,25,0,1.4210854715202004e-14,800,1,0.0,0.0,0.0,True,441,0.0,0,0.16501925000920892
omni_casual:ướ:k1,DEV fragment:nước,1,2,2,5,4,4,32,32,25,0,1.4210854715202004e-14,1700,1,0.0,0.0,0.0,True,441,0.0,0,0.1701920828782022
omni_casual:yệ:k0,DEV fragment:quyện,0,2,2,4,4,4,8,8,25,0,1.4210854715202004e-14,700,1,0.0,0.0,0.0,True,441,0.0,0,0.18101724982261658
omni_casual:yệ:k1,DEV fragment:quyện,1,2,2,4,4,4,8,8,25,0,1.4210854715202004e-14,700,1,0.0,0.0,0.0,True,441,0.0,0,0.18060733401216567
synthetic_00,synthetic,0,3,2,4,8,0,0,0,25,0,0.0,0,0,,,,,0,,0,0.0004148329608142376
synthetic_01,synthetic,1,2,2,3,4,4,12,3,25,0,1.7763568394002505e-15,600,2,1.1000006515064413,1.1000006515064413,0.0,False,441,0.0,0,0.010552375111728907
synthetic_02,synthetic,0,2,2,3,4,4,4,4,25,0,3.552713678800501e-15,400,1,0.0,0.0,0.0,True,441,0.0,0,0.010094542056322098
synthetic_03,synthetic,1,2,2,3,4,4,12,12,25,0,3.552713678800501e-15,600,3,1.1000852769986764,1.1000852769986764,0.0,False,441,0.029349920897978166,5,0.0107980000320822
synthetic_04,synthetic,0,3,2,4,8,8,16,16,25,0,7.105427357601002e-15,1000,5,1.1780476517678142,1.1309536081119624,0.0,False,441,0.04667164011744518,20,0.042731666937470436
synthetic_05,synthetic,1,2,2,3,4,4,12,12,25,0,3.552713678800501e-15,600,3,1.1902741424640553,1.1642399365207616,0.0,False,441,0.0,0,0.01077066594734788
synthetic_06,synthetic,0,2,2,3,4,4,4,4,25,0,7.105427357601002e-15,400,1,0.0,0.0,0.0,True,441,0.44454306230806395,25,0.01044712495058775
synthetic_07,synthetic,1,2,2,3,4,4,12,12,25,0,3.552713678800501e-15,600,3,1.2404639391516668,1.212098441296023,0.0,False,441,0.08318971496596816,17,0.010572124971076846
synthetic_08,synthetic,0,3,2,4,8,8,16,16,25,0,7.105427357601002e-15,1000,2,1.1865627821630973,1.1865627821630973,0.0,False,441,0.05227189191011661,21,0.04285391699522734
synthetic_09,synthetic,1,2,2,3,4,4,12,12,25,0,3.552713678800501e-15,600,2,1.1013399662610865,1.1013399662610865,0.0,False,441,0.0,0,0.010793291963636875
synthetic_10,synthetic,0,2,2,3,4,0,0,0,25,0,0.0,0,0,,,,,0,,0,0.00020766700617969036
synthetic_11,synthetic,1,2,2,3,4,4,12,3,25,0,3.552713678800501e-15,600,2,1.108312550562303,1.108312550562303,0.0,False,441,0.0,0,0.010406667133793235
synthetic_12,synthetic,0,3,2,4,8,8,16,16,25,0,7.105427357601002e-15,1000,3,1.1007137160789426,1.1007137160789426,0.0,False,441,0.014029102262369975,5,0.041807707864791155
synthetic_13,synthetic,1,2,2,3,4,4,12,12,25,0,3.552713678800501e-15,600,2,1.1283526937790977,1.1283526937790977,0.0,False,441,0.2299640060339314,25,0.01050224993377924
synthetic_14,synthetic,0,2,2,3,4,4,4,4,25,0,7.105427357601002e-15,400,1,0.0,0.0,0.0,True,441,0.1910718755862817,25,0.00978120812214911
synthetic_15,synthetic,1,2,2,3,4,4,12,12,25,0,7.105427357601002e-15,600,4,1.1002831904943182,1.1002831904943182,0.0,False,441,0.05094393535888386,10,0.01060858415439725
synthetic_16,synthetic,0,3,2,4,8,8,16,16,25,0,7.105427357601002e-15,1000,2,1.1340875255155876,1.1340875255155876,0.0,False,441,0.036840386709780404,25,0.04197762510739267
synthetic_17,synthetic,1,2,2,3,4,4,12,12,25,0,7.105427357601002e-15,600,4,1.2234698272001658,1.1625937120581948,0.0,False,441,0.21415560668148004,18,0.010429666843265295
synthetic_18,synthetic,0,2,2,3,4,4,4,4,25,0,7.105427357601002e-15,400,1,0.0,0.0,0.0,True,441,0.0,0,0.009852041956037283
synthetic_19,synthetic,1,2,2,3,4,4,12,12,25,0,3.552713678800501e-15,600,2,1.1024901967610852,1.1024901967610852,0.0,False,441,0.0,0,0.010633790865540504
synthetic_20,synthetic,0,3,2,4,8,0,0,0,25,0,0.0,0,0,,,,,0,,0,0.0004174590576440096
synthetic_21,synthetic,1,2,2,3,4,4,12,3,25,0,1.7763568394002505e-15,600,2,1.100824066974365,1.100824066974365,0.0,False,441,0.0,0,0.010370832867920399
synthetic_22,synthetic,0,2,2,3,4,4,4,4,25,0,3.552713678800501e-15,400,3,0.1433130620054115,0.1433130620054115,0.0,False,441,0.5746400511569938,20,0.009733290877193213
synthetic_23,synthetic,1,2,2,3,4,4,12,12,25,0,3.552713678800501e-15,600,2,1.102080263918653,1.102080263918653,0.0,False,441,0.0,0,0.01028100005351007
synthetic_24,synthetic,0,3,2,4,8,8,16,16,25,0,7.105427357601002e-15,1000,4,1.1328375306511251,1.1020618861866982,0.0,False,441,0.22380873651498945,20,0.04173099994659424
synthetic_25,synthetic,1,2,2,3,4,4,12,12,25,0,7.105427357601002e-15,600,3,1.1004088921508632,1.1004088921508632,0.0,False,441,0.04503068031370816,5,0.0106350420974195
synthetic_26,synthetic,0,2,2,3,4,4,4,4,25,0,3.552713678800501e-15,400,1,0.0,0.0,0.0,True,441,0.03451503722588711,25,0.009913833113387227
synthetic_27,synthetic,1,2,2,3,4,4,12,12,25,0,3.552713678800501e-15,600,2,1.1522119677522085,1.1522119677522085,0.0,False,441,0.3289446142738832,23,0.010553500149399042
synthetic_28,synthetic,0,3,2,4,8,8,16,16,25,0,7.105427357601002e-15,1000,4,1.2059338710710747,1.146167183250867,0.0,False,441,0.07773903448965314,17,0.04136687517166138
synthetic_29,synthetic,1,2,2,3,4,4,12,12,25,0,3.552713678800501e-15,600,2,1.2520121410033482,1.2520121410033482,0.0,False,441,0.33700189288515503,23,0.01033912505954504
synthetic_30,synthetic,0,2,2,3,4,0,0,0,25,0,0.0,0,0,,,,,0,,0,0.00020779087208211422
synthetic_31,synthetic,1,2,2,3,4,4,12,3,25,0,7.105427357601002e-15,600,2,1.119333133878019,1.119333133878019,0.0,False,441,0.0,0,0.01027800003066659
synthetic_32,synthetic,0,3,2,4,8,8,16,16,25,0,7.105427357601002e-15,1000,3,1.1829807456479635,1.1173214851226945,0.0,False,441,0.06744960366295771,14,0.041899333940818906
synthetic_33,synthetic,1,2,2,3,4,4,12,12,25,0,7.105427357601002e-15,600,3,1.1141826749882,1.1141826749882,0.0,False,441,0.1493639151880437,20,0.01079199998639524
synthetic_34,synthetic,0,2,2,3,4,4,4,4,25,0,7.105427357601002e-15,400,1,0.0,0.0,0.0,True,441,0.8416061291068253,20,0.010238791815936565
synthetic_35,synthetic,1,2,2,3,4,4,12,12,25,0,7.105427357601002e-15,600,2,1.136826360902143,1.136826360902143,0.0,False,441,0.3966256670569166,20,0.01081616710871458
synthetic_36,synthetic,0,3,2,4,8,8,16,16,25,0,7.105427357601002e-15,1000,4,1.1674193466214362,1.1262220770238507,0.0,False,441,0.2832407916529647,20,0.04247312503866851
synthetic_37,synthetic,1,2,2,3,4,4,12,12,25,0,3.552713678800501e-15,600,2,1.1128710509840403,1.1128710509840403,0.0,False,441,0.0,0,0.01107483310624957
synthetic_38,synthetic,0,2,2,3,4,4,4,4,25,0,7.105427357601002e-15,400,1,0.0,0.0,0.0,True,441,0.4596899548012843,5,0.010131875053048134
synthetic_39,synthetic,1,2,2,3,4,4,12,12,25,0,3.552713678800501e-15,600,4,1.154884508143395,1.1046188158549644,0.0,False,441,0.2327447423581681,25,0.010482625104486942
